tests/reject/addr_binding.ty	TYPE	6289	'&' is only valid as the argument to an inout parameter, e.g. f(&x)
tests/reject/addr_expr.ty	TYPE	6289	'&' is only valid as the argument to an inout parameter, e.g. f(&x)
tests/reject/affine_chan_arr_elem.ty	SEMANTIC	0	a channel handle cannot be stored in a container or aggregate -- pass it as an argument instead
tests/reject/affine_chan_container.ty	SEMANTIC	0	a channel handle cannot be stored in a container or aggregate -- pass it as an argument instead
tests/reject/affine_chan_copy.ty	SEMANTIC	8336	a channel cannot be copied -- it is freed once, when its creating scope exits, and a second name hides every send and receive from the compiler's analysis; bind the channel(...) directly, or pass this one as an argument
tests/reject/affine_chan_enum_payload.ty	SEMANTIC	9208	an enum payload cannot be a channel
tests/reject/affine_chan_fixarr_elem.ty	SEMANTIC	0	a channel handle cannot be stored in a container or aggregate -- pass it as an argument instead
tests/reject/affine_chan_fnty_param.ty	SEMANTIC	0	a function value cannot take a task or channel handle
tests/reject/affine_chan_fnty_ret.ty	SEMANTIC	0	a function value cannot return a task or channel handle
tests/reject/affine_chan_generic_arg.ty	SEMANTIC	2229	a struct field cannot be a channel -- 'Box' was instantiated at one
tests/reject/affine_chan_infer_arr.ty	SEMANTIC	0	a channel handle cannot be stored in a container or aggregate -- pass it as an argument instead
tests/reject/affine_chan_infer_map.ty	SEMANTIC	0	a channel handle cannot be stored in a container or aggregate -- pass it as an argument instead
tests/reject/affine_chan_infer_push.ty	SEMANTIC	0	a channel handle cannot be stored in a container or aggregate -- pass it as an argument instead
tests/reject/affine_chan_infer_some.ty	SEMANTIC	0	a channel handle cannot be stored in a container or aggregate -- pass it as an argument instead
tests/reject/affine_chan_infer_tuple.ty	SEMANTIC	0	a channel handle cannot be stored in a container or aggregate -- pass it as an argument instead
tests/reject/affine_chan_map_val.ty	SEMANTIC	0	a channel handle cannot be stored in a container or aggregate -- pass it as an argument instead
tests/reject/affine_chan_newtype.ty	SEMANTIC	4790	a newtype's underlying type must be int, float, string, bool, an array, a map, or a struct (got Channel(int))
tests/reject/affine_chan_of_chan.ty	SEMANTIC	0	a channel handle cannot be stored in a container or aggregate -- pass it as an argument instead
tests/reject/affine_chan_opt_inner.ty	SEMANTIC	0	a channel handle cannot be stored in a container or aggregate -- pass it as an argument instead
tests/reject/affine_chan_result_inner.ty	SEMANTIC	0	a channel handle cannot be stored in a container or aggregate -- pass it as an argument instead
tests/reject/affine_chan_soa_field.ty	SEMANTIC	9203	a struct field cannot be a channel
tests/reject/affine_chan_struct_field.ty	SEMANTIC	9203	a struct field cannot be a channel
tests/reject/affine_chan_tuple_elem.ty	SEMANTIC	0	a channel handle cannot be stored in a container or aggregate -- pass it as an argument instead
tests/reject/affine_handle_container.ty	SEMANTIC	0	a handle cannot be stored in a container/aggregate, captured, or returned -- it is freed at the end of its scope
tests/reject/affine_handle_container_type.ty	SEMANTIC	0	a handle cannot be stored in a container/aggregate, captured, or returned -- it is freed at the end of its scope
tests/reject/affine_handle_copy.ty	SEMANTIC	8333	a handle cannot be copied -- it is freed once, at the end of its scope, and a second name would free it twice; bind the opener directly (f := open(...)), or pass this one as an argument, which borrows it
tests/reject/affine_handle_struct_field.ty	SEMANTIC	0	a handle cannot be stored in a container/aggregate, captured, or returned -- it is freed at the end of its scope
tests/reject/affine_inout_chan.ty	SEMANTIC	4311	'ch' is inout, which an affine type cannot be -- it has one owner and is freed at that scope's exit, so there is nothing to consume or copy back. Pass it plainly: that is already a borrow
tests/reject/affine_sink_param.ty	SEMANTIC	4311	'h' is sink, which an affine type cannot be -- it has one owner and is freed at that scope's exit, so there is nothing to consume or copy back. Pass it plainly: that is already a borrow
tests/reject/affine_task_arr_elem.ty	TYPE	2632	unknown type 'Task'
tests/reject/affine_task_container.ty	SEMANTIC	0	a task handle cannot be stored in a container or aggregate -- wait(t) first
tests/reject/affine_task_infer_arr.ty	SEMANTIC	0	a task handle cannot be stored in a container or aggregate -- wait(t) first
tests/reject/affine_task_written_type.ty	TYPE	2632	unknown type 'Task'
tests/reject/arr_elem_void.ty	TYPE	6127	an array element cannot be void -- this element produces no value (a call to a procedure that returns nothing?)
tests/reject/array_arith_fixlen.ty	TYPE	7352	element-wise `*` on a fixed array requires the same static length (got [3]int and [2]int)
tests/reject/bare_expr_stmt.ty	SYNTAX	4192	a statement must be a declaration, assignment, or call -- a bare expression has no effect
tests/reject/base_mismatch_arg.ty	TYPE	7126	argument 1 of 'f' is string, expected int
tests/reject/base_mismatch_call_decl.ty	TYPE	8277	declared type int but value is string
tests/reject/base_mismatch_decl.ty	TYPE	8277	declared type int but value is string
tests/reject/base_mismatch_index_arg.ty	TYPE	7126	argument 1 of 'need_str' is int, expected string
tests/reject/base_mismatch_inout.ty	TYPE	7126	argument 1 of 'f' is float, expected int
tests/reject/base_mismatch_int_into_string.ty	TYPE	8277	declared type string but value is int
tests/reject/base_mismatch_return.ty	TYPE	8417	returning string but proc returns int
tests/reject/base_mismatch_tuple.ty	TYPE	7576	declared type (int, int) but value is (int, string)
tests/reject/base_mismatch_var_arg.ty	TYPE	7126	argument 1 of 'need_int' is string, expected int
tests/reject/bounded_chan_elem.ty	SEMANTIC	0	a channel handle cannot be stored in a container or aggregate -- pass it as an argument instead
tests/reject/bounded_const_cap_zero.ty	SEMANTIC	2381	a bounded capacity must be positive
tests/reject/bounded_elem_bool.ty	SEMANTIC	2385	a bounded element cannot be bool or void
tests/reject/bounded_nonconst_cap.ty	SEMANTIC	2378	a bounded capacity must be an integer literal or an int `const` -- 'NOPE' is not
tests/reject/bounded_task_elem.ty	TYPE	2632	unknown type 'Task'
tests/reject/builtin_arity_char_at.ty	TYPE	7070	'char_at' takes 2 argument(s), got 1
tests/reject/builtin_arity_niladic.ty	TYPE	7070	'clock' takes 0 argument(s), got 1
tests/reject/builtin_arity_too_few.ty	TYPE	7070	'substr' takes 3 argument(s), got 1
tests/reject/builtin_arity_too_many.ty	TYPE	6842	len(...) takes one argument
tests/reject/builtin_arity_zero_args.ty	TYPE	6940	pop(arr) takes one argument
tests/reject/chan_capture.ty	SEMANTIC	5937	a closure cannot capture a channel handle -- take it as a parameter instead
tests/reject/chan_in_container.ty	SEMANTIC	6714	a channel must be created directly in a declaration: ch := channel(T, cap)
tests/reject/chan_inout_param.ty	SEMANTIC	4311	'ch' is inout, which an affine type cannot be -- it has one owner and is freed at that scope's exit, so there is nothing to consume or copy back. Pass it plainly: that is already a borrow
tests/reject/chan_reassign.ty	SEMANTIC	8398	a channel variable cannot be reassigned
tests/reject/char_as_type.ty	TYPE	2632	unknown type 'char'
tests/reject/char_at_arg_index_type.ty	TYPE	7126	argument 2 of 'char_at' is string, expected int
tests/reject/char_at_arg_recv_type.ty	TYPE	7113	argument 1 of 'char_at' is int, expected string -- wrap it with str(...), e.g. char_at(str(x))
tests/reject/char_elem_div.ty	TYPE	7355	`/` is not defined element-wise on [char] -- there is no element-wise `/` for char
tests/reject/char_elem_mod.ty	TYPE	7355	`%` is not defined element-wise on [char] -- there is no element-wise `%` for char
tests/reject/char_elem_mul.ty	TYPE	7355	`*` is not defined element-wise on [char] -- there is no element-wise `*` for char
tests/reject/char_int_eq.ty	TYPE	7256	cannot compare char with int
tests/reject/char_int_mul.ty	TYPE	7463	arithmetic requires two ints or two floats (got char, int) -- convert one side, e.g. to_float(x) to compute in floats, or to_int(x) in ints
tests/reject/char_int_ord.ty	TYPE	7279	ordering compares two ints, two floats, two strings, or two values of the same numeric newtype
tests/reject/close_handle_nonvar.ty	SEMANTIC	6740	close(h) takes a handle variable
tests/reject/coerce_annot_narrow.ty	TYPE	8277	declared type int but value is float
tests/reject/coerce_arg_narrow.ty	TYPE	7126	argument 1 of 'g' is float, expected int
tests/reject/coerce_array_mixed.ty	TYPE	6132	array elements must all have the same type
tests/reject/coerce_return_narrow.ty	TYPE	8417	returning float but proc returns int
tests/reject/cond_elif_str.ty	TYPE	8434	if condition must be bool
tests/reject/cond_for_int.ty	TYPE	8648	for condition must be bool
tests/reject/cond_if_int.ty	TYPE	8434	if condition must be bool
tests/reject/cond_if_str.ty	TYPE	8434	if condition must be bool
tests/reject/cond_if_void.ty	TYPE	8434	if condition must be bool
tests/reject/cond_value_if_int.ty	TYPE	8434	if condition must be bool
tests/reject/const_dup.ty	NAME	4275	'MAX' is already defined
tests/reject/const_expr_divzero.ty	SYNTAX	5147	const expression divides by zero
tests/reject/const_expr_float.ty	SYNTAX	3754	a `const` must be a single scalar literal -- an int, float, string, bool or char. Arrays, maps and struct literals are not allowed, and neither is an expression
tests/reject/const_expr_localref.ty	SYNTAX	3754	a `const` must be a single scalar literal -- an int, float, string, bool or char. Arrays, maps and struct literals are not allowed, and neither is an expression
tests/reject/const_generic_size_conflict.ty	SEMANTIC	8960	argument 2 of 'g' is [4]int, which does not fit the parameter pattern
tests/reject/const_generic_size_dynamic_arg.ty	SEMANTIC	8960	argument 1 of 'f' is [int], which does not fit the parameter pattern
tests/reject/const_generic_size_return_only.ty	SEMANTIC	9016	the return type of 'mk' has a type parameter not fixed by any argument; pass it explicitly, e.g. mk$(int)
tests/reject/const_generic_size_struct_field.ty	SEMANTIC	9218	a struct field cannot be a `[$N]T` size-parameterized array -- use a fixed `[N]T` or a dynamic `[T]`
tests/reject/const_named_none.ty	NAME	4275	'None' is already defined
tests/reject/const_nonliteral.ty	SYNTAX	3754	a `const` must be a single scalar literal -- an int, float, string, bool or char. Arrays, maps and struct literals are not allowed, and neither is an expression
tests/reject/const_reassign.ty	NAME	8385	cannot assign to constant 'X'
tests/reject/dotlt_sequential.ty	SYNTAX	3987	`0..<N` counts only in a `parallel for` -- write `for i := 0; i < N; i += 1:` for a sequential count
tests/reject/dup_field.ty	SYNTAX	4694	duplicate field 'x'
tests/reject/dup_fn.ty	NAME	4275	'foo' is already defined
tests/reject/dup_fn_variant.ty	NAME	4275	'Alpha' is already defined
tests/reject/dup_fn_variant_fn_first.ty	NAME	4275	'Alpha' is already defined
tests/reject/dup_local.ty	NAME	8813	'a' is already declared in this scope
tests/reject/dup_param.ty	NAME	9301	duplicate parameter 'x'
tests/reject/dup_struct_enum.ty	NAME	4275	'X' is already defined
tests/reject/dup_variant.ty	NAME	0	variant name 'W' is already used in this package
tests/reject/enum_is_not_an_enum.ty	TYPE	7215	`is` asks an enum, Option or Result value which variant it holds; int is none of those
tests/reject/enum_is_unknown_variant.ty	TYPE	1316	'VFloat' is not a variant of Value
tests/reject/enum_key_payload.ty	TYPE	2506	map keys must be string, int (directly or through a newtype), a fieldless enum, or a hashable struct/tuple/array
tests/reject/enum_named_none.ty	NAME	4275	'None' is already defined
tests/reject/enum_typaram_max.ty	SYNTAX	4719	too many enum type parameters (max 16)
tests/reject/err_empty.ty	SYNTAX	2954	Err() carries no value -- a Result's error type cannot be void
tests/reject/explicit_count.ty	TYPE	2632	unknown type 'str'
tests/reject/explicit_noarg.ty	SEMANTIC	8966	no argument fixes 'empty''s type parameter $T -- it appears only in the return type. Give it explicitly: empty$(<the type for $T>)(...)
tests/reject/explicit_nongeneric.ty	SEMANTIC	7048	explicit type arguments given, but 'f' is not a generic function
tests/reject/extern_param_enum.ty	SEMANTIC	4585	extern fn 'ffi_take': parameter 's' must be int/char/float/bool/string/ptr/bytes, [int]/[float]/[string], or a handle (no other composites across the C boundary)
tests/reject/extern_param_newtype.ty	SEMANTIC	4585	extern fn 'ffi_take': parameter 's' must be int/char/float/bool/string/ptr/bytes, [int]/[float]/[string], or a handle (no other composites across the C boundary)
tests/reject/extern_param_struct.ty	SEMANTIC	4585	extern fn 'ffi_take': parameter 's' must be int/char/float/bool/string/ptr/bytes, [int]/[float]/[string], or a handle (no other composites across the C boundary)
tests/reject/extern_params_17.ty	TYPE	9231	too many parameters (max 16)
tests/reject/extern_ret_arr_string.ty	SEMANTIC	4611	extern fn 'ffi_names': return type must be int/char/float/bool/string/ptr/bytes, [int]/[float], Option(string), a handle, or omitted
tests/reject/extern_ret_struct.ty	SEMANTIC	4611	extern fn 'ffi_make': return type must be int/char/float/bool/string/ptr/bytes, [int]/[float], Option(string), a handle, or omitted
tests/reject/fixarr_elem_bool.ty	TYPE	2453	a fixed-size array element cannot be bool or void -- a dynamic [bool] is legal
tests/reject/fixarr_into_bounded_arg.ty	TYPE	7126	argument 1 of 'take' is [3]int, expected bounded[4]int
tests/reject/fixarr_into_dynamic_arg.ty	TYPE	7126	argument 1 of 'take' is [3]int, expected [int]
tests/reject/fixarr_qualified_const.ty	SYNTAX	2465	a fixed-size array length cannot be an imported const ('lim.MAX') -- its value is not known at parse time. Use an unqualified `const` declared in this file, or a dynamic [T]
tests/reject/fixarr_size_arg.ty	TYPE	7126	argument 1 of 'take' is [3]int, expected [4]int
tests/reject/fixarr_size_decl.ty	TYPE	8277	declared type [4]int but value is [3]int
tests/reject/fixarr_size_field.ty	TYPE	6651	field 'v' of S is [4]int, got [3]int
tests/reject/fixarr_size_return.ty	TYPE	8417	returning [3]int but proc returns [4]int
tests/reject/fixed_array_bad_length.ty	TYPE	7513	a fixed-size array of length 3 needs 3 elements, got 2
tests/reject/fixed_array_nonconst_size.ty	TYPE	2487	a fixed-size array length must be an integer literal or an int `const` -- 'n' is not
tests/reject/fixed_array_zero_size.ty	SYNTAX	2490	a fixed-size array length must be positive
tests/reject/float_exp_bad.ty	SYNTAX	2059	expected newline
tests/reject/float_int_eq.ty	TYPE	7256	cannot compare float with int
tests/reject/float_int_var_ord.ty	TYPE	7279	ordering compares two ints, two floats, two strings, or two values of the same numeric newtype
tests/reject/float_lit_overflow_neg.ty	SYNTAX	646	float literal out of range: `1e400` exceeds the largest float (IEEE-754 binary64); write 1.0/0.0 for an infinity
tests/reject/fn_eq.ty	TYPE	7263	functions are not comparable -- closures have no structural equality; compare the values they produce instead
tests/reject/fn_named_ok.ty	NAME	4275	'Ok' is already defined
tests/reject/fnty_arity.ty	SYNTAX	2395	a function type has at most 8 parameters
tests/reject/fnval_local_generic.ty	SEMANTIC	6086	'mymin' is generic, so it has no single function value -- there is no instantiation to take. Wrap it in a lambda that fixes the types, e.g. fn(a: int, b: int) -> int: mymin(a, b)
tests/reject/for3_empty_clause.ty	SYNTAX	3932	the init clause is required -- write `for:` for an infinite loop
tests/reject/for_two_binders.ty	SYNTAX	3969	a `for` binds one name -- write `for p in COLL:` then `k, q := p` in the body
tests/reject/fstring_escape.ty	SYNTAX	0	unsupported escape \  (use \n \t \r \\ \")
tests/reject/genenum_bare_nullary.ty	SEMANTIC	6057	Empty is a variant of generic enum Box; supply the type explicitly, e.g. Empty$(int)
tests/reject/generic_bounded_field_degraded.ty	TYPE	6651	field 'xs' of Box__int is bounded[4]int, got [4]int
tests/reject/generic_chan_inout_param.ty	SEMANTIC	4311	'c' is inout, which an affine type cannot be -- it has one owner and is freed at that scope's exit, so there is nothing to consume or copy back. Pass it plainly: that is already a borrow
tests/reject/generic_enum_payload_chan.ty	SEMANTIC	2229	an enum payload cannot be a channel -- 'Holder' was instantiated at one
tests/reject/generic_inout_fnvalue.ty	TYPE	8935	inout parameter 'g': a function value can't be inout (a callee could write a closure back into the caller and it would dangle)
tests/reject/generic_inst_chan_inout.ty	SEMANTIC	8997	'c' is inout, which an affine type cannot be -- 'f' was instantiated at one. Pass it plainly: that is already a borrow
tests/reject/generic_inst_inout_fnvalue.ty	TYPE	8935	inout parameter 'g': a function value can't be inout (a callee could write a closure back into the caller and it would dangle)
tests/reject/generic_map_key_unhashable.ty	SEMANTIC	8986	'distinct' instantiated with K = float, which does not satisfy `hashable(K)`
tests/reject/generic_newtype_bare_int.ty	SEMANTIC	8960	argument 2 of 'slot' is int, which does not fit the parameter pattern
tests/reject/generic_params_17.ty	TYPE	9231	too many parameters (max 16)
tests/reject/generic_partial_enum.ty	SEMANTIC	2616	generic enum 'Opt': its type arguments must be EITHER exactly its own parameters, in order (a recursive reference), OR all concrete -- a list mixing the two is not supported, even where each argument alone would be legal
tests/reject/generic_partial_struct.ty	SEMANTIC	2587	generic struct 'Box': its type arguments must be EITHER exactly its own parameters, in order (a recursive reference), OR all concrete -- a list mixing the two is not supported, even where each argument alone would be legal
tests/reject/generic_recur_grow.ty	SEMANTIC	9040	too many generic instantiations (> 1024) -- a recursive generic at a growing type?
tests/reject/generic_ret_chan.ty	SEMANTIC	9018	a function cannot return a channel -- create it in the owning scope and pass it down
tests/reject/generic_ret_handle.ty	SEMANTIC	9013	a Tycho fn cannot return a handle -- 'ident' was instantiated at one; only an `extern fn` opener may, because a handle is freed at the end of its scope
tests/reject/generic_return_only_unbound.ty	SEMANTIC	8966	no argument fixes 'empty''s type parameter $T -- it appears only in the return type. Give it explicitly: empty$(<the type for $T>)(...)
tests/reject/generic_sink_affine.ty	SEMANTIC	8997	'x' is sink, which an affine type cannot be -- 'take' was instantiated at one. Pass it plainly: that is already a borrow
tests/reject/generic_sizeparam_max.ty	SEMANTIC	2446	too many size parameters (max 16)
tests/reject/generic_struct_field_chan.ty	SEMANTIC	2229	a struct field cannot be a channel -- 'Box' was instantiated at one
tests/reject/generic_struct_field_task.ty	SEMANTIC	2229	a struct field cannot be a task -- 'Box' was instantiated at one
tests/reject/generic_typaram_max.ty	SEMANTIC	2357	too many type parameters (max 16)
tests/reject/handle_dup_name.ty	NAME	4275	'H' is already defined
tests/reject/handle_named_some.ty	NAME	4275	'Some' is already defined
tests/reject/handle_then_enum.ty	NAME	4275	'H' is already defined
tests/reject/handle_then_newtype.ty	NAME	4275	'H' is already defined
tests/reject/handle_then_struct.ty	NAME	4275	'H' is already defined
tests/reject/hash_float.ty	TYPE	6778	hash(x) can't hash a float (hashable = the map-key types: int, string, their newtypes, fieldless enums, and composites of those)
tests/reject/hex_escape_in_string.ty	SYNTAX	0	unsupported escape \x (use \n \t \r \\ \")
tests/reject/hex_escape_one_digit.ty	SYNTAX	808	\x takes exactly two hex digits (e.g. '\x41')
tests/reject/if_expr_no_else.ty	SYNTAX	3415	an `if` used as a value must have an `else` — every path must produce a value
tests/reject/if_expr_type_mismatch.ty	TYPE	8272	if/match branches produce different types (int and string)
tests/reject/in_array.ty	TYPE	7232	`in` tests membership in a map; the right operand must be a map
tests/reject/in_string.ty	TYPE	7232	`in` tests membership in a map; the right operand must be a map
tests/reject/in_wrong_key.ty	TYPE	7234	`in` key must be string
tests/reject/infer_bare_empty.ty	SEMANTIC	8835	could not infer the type of 'xs' -- no grounding use in its block (annotate: xs : [T] = [] / Option(T) = None)
tests/reject/infer_lambda_param.ty	SEMANTIC	5924	lambda parameter 'x' needs a type here -- no expected fn type supplies it (annotate: fn(x: T))
tests/reject/infer_use_before_ground.ty	SEMANTIC	6036	'xs' is used before its type can be inferred -- assign/push/pass it first, or annotate the declaration
tests/reject/inline_arr_self_elem.ty	TYPE	12683	infinite type: Node contains itself by value — use an array ([Node]) or Option([Node]) for indirection
tests/reject/inout_alias.ty	SEMANTIC	7143	variable 'n' passed to two inout parameters of 'swap2' (overlapping mutable access)
tests/reject/inout_arg_newtype.ty	TYPE	7126	argument 1 of 'f' is int, expected Id
tests/reject/inout_byval_alias.ty	SEMANTIC	7161	variable 'a' is passed to an inout parameter and also by value in the same call to 'f' (overlapping access — the by-value copy would alias the inout'd value)
tests/reject/inout_fnvalue.ty	TYPE	8935	inout parameter 'h': a function value can't be inout (a callee could write a closure back into the caller and it would dangle)
tests/reject/int_bin_bad_digit.ty	SYNTAX	0	a binary literal needs digits 0 or 1 after `0b`
tests/reject/int_hex_no_digits.ty	SYNTAX	0	a hex literal needs at least one digit after `0x`
tests/reject/int_hex_overflow.ty	SYNTAX	657	integer literal out of range
tests/reject/int_literal_overflow.ty	SYNTAX	657	integer literal out of range
tests/reject/kw_as_field_name.ty	SYNTAX	2058	'spawn' is a reserved keyword and cannot be used as a field name
tests/reject/kw_as_local_name.ty	SYNTAX	3741	'spawn' is a reserved keyword and cannot be used as a variable name
tests/reject/len_scalar.ty	TYPE	6845	len(...) takes an array, a string, bytes, a map, or a soa
tests/reject/main_params.ty	TYPE	9310	'main' takes no parameters -- the command line arrives through the `args()` builtin
tests/reject/main_result_enum_err.ty	TYPE	9313	'main' returns nothing or Result(void, string), not Result(void, Fault) -- an Err reaching the entry point is printed, so the error type is the message. For a status other than 0 or 1 (diff(1)'s 0/1/2, say), call the `exit(code)` builtin
tests/reject/main_result_int.ty	TYPE	9313	'main' returns nothing or Result(void, string), not Result(int, string) -- an Err reaching the entry point is printed, so the error type is the message. For a status other than 0 or 1 (diff(1)'s 0/1/2, say), call the `exit(code)` builtin
tests/reject/main_with_param.ty	TYPE	9310	'main' takes no parameters -- the command line arrives through the `args()` builtin
tests/reject/main_with_ret.ty	TYPE	9313	'main' returns nothing or Result(void, string), not int -- an Err reaching the entry point is printed, so the error type is the message. For a status other than 0 or 1 (diff(1)'s 0/1/2, say), call the `exit(code)` builtin
tests/reject/map_as_key.ty	TYPE	2506	map keys must be string, int (directly or through a newtype), a fieldless enum, or a hashable struct/tuple/array
tests/reject/map_del_removed.ty	SYNTAX	3000	map_del was removed; use `delete m[k]`
tests/reject/map_for_in.ty	TYPE	6151	a map is not directly iterable -- `for k in m` indexes it by position. Loop over `keys(m)` instead: `for k in keys(m):` (the keys come back as string, wrapped)
tests/reject/map_get_removed.ty	SYNTAX	3001	map_get was removed; use `m.get(k, default)`
tests/reject/map_has_removed.ty	SYNTAX	2999	map_has was removed; use `k in m`
tests/reject/map_key_wrong_read.ty	TYPE	6152	map key must be Slot, got int
tests/reject/map_set_removed.ty	SYNTAX	2998	map_set was removed; use `m[k] = v`
tests/reject/map_type_as_value.ty	SYNTAX	2835	`[string: int]` is the TYPE, not a value -- for an empty map write `[]string: int`, or annotate the declaration: `m : [string: int] = []`
tests/reject/match_dup_arm.ty	TYPE	8517	duplicate arm for Red
tests/reject/match_expr_nonexhaustive.ty	TYPE	8473	match on an Option must cover both Some and None
tests/reject/match_non_exhaustive.ty	TYPE	8185	non-exhaustive match: missing variant B of E
tests/reject/match_result_missing_side.ty	TYPE	8499	match on a Result must cover both Ok and Err
tests/reject/match_result_partial_err.ty	TYPE	8185	non-exhaustive match: missing variant B of E
tests/reject/match_result_void_missing_err.ty	TYPE	8499	match on a Result must cover both Ok and Err
tests/reject/match_scalar_bad_ident.ty	TYPE	8561	'NotAConst' is not an int constant (match arms for int are literals)
tests/reject/match_scalar_bool_incomplete.ty	TYPE	8634	a match on a bool must cover both true and false, or carry a `_` arm
tests/reject/match_scalar_float.ty	TYPE	8639	match on float is refused: nothing in the tree dispatches on it -- use if/elif (see docs/internals/design-scalar-match.md D1)
tests/reject/match_scalar_mismatch.ty	TYPE	8597	a match on an int takes int literal arms, not a char
tests/reject/match_scalar_mixed_range.ty	SYNTAX	3472	a range's two ends must be the same kind of value
tests/reject/match_scalar_no_wildcard.ty	TYPE	8625	a match on int must carry a `_` arm (the domain is unbounded)
tests/reject/match_scalar_overlap.ty	TYPE	8620	duplicate or overlapping match arm: [1..9] overlaps [5..5] from line 5
tests/reject/match_scalar_range_flipped.ty	TYPE	8604	a range starts at 9 and ends at 3 (the start must not exceed the end)
tests/reject/match_scalar_string.ty	TYPE	8639	match on string is refused: nothing in the tree dispatches on it -- use if/elif (see docs/internals/design-scalar-match.md D1)
tests/reject/match_underscore_use.ty	NAME	6093	unknown variable '_'; did you mean 'r'?
tests/reject/match_wildcard_not_last.ty	TYPE	8446	a `_` wildcard must be the last match arm
tests/reject/mut_arg_no_amp.ty	TYPE	7083	argument 1 of 'g' is inout; pass it as '&variable'
tests/reject/newtype_agg_mix.ty	TYPE	7126	argument 1 of 'total' is [int], expected Ids
tests/reject/newtype_agg_still_distinct.ty	TYPE	7126	argument 1 of 'takes_raw' is Ids, expected [int]
tests/reject/newtype_array_elem.ty	TYPE	7517	element 2 of a [Id] array is the wrong type
tests/reject/newtype_eq_raw_underlying.ty	TYPE	7256	cannot compare A with [int]
tests/reject/newtype_eq_two_newtypes.ty	TYPE	7256	cannot compare A with B
tests/reject/newtype_key_mix.ty	TYPE	6152	map key must be UserId, got string
tests/reject/newtype_named_err.ty	NAME	4275	'Err' is already defined
tests/reject/newtype_under_bytes.ty	SEMANTIC	4790	a newtype's underlying type must be int, float, string, bool, an array, a map, or a struct (got bytes)
tests/reject/newtype_under_enum.ty	SEMANTIC	4790	a newtype's underlying type must be int, float, string, bool, an array, a map, or a struct (got E)
tests/reject/newtype_under_f32.ty	SEMANTIC	4790	a newtype's underlying type must be int, float, string, bool, an array, a map, or a struct (got f32)
tests/reject/newtype_under_fnty.ty	SEMANTIC	4790	a newtype's underlying type must be int, float, string, bool, an array, a map, or a struct (got fn(int) -> int)
tests/reject/newtype_under_handle.ty	SEMANTIC	4790	a newtype's underlying type must be int, float, string, bool, an array, a map, or a struct (got H)
tests/reject/newtype_under_newtype.ty	SEMANTIC	4790	a newtype's underlying type must be int, float, string, bool, an array, a map, or a struct (got B)
tests/reject/newtype_under_option.ty	SEMANTIC	4790	a newtype's underlying type must be int, float, string, bool, an array, a map, or a struct (got Option(int))
tests/reject/newtype_under_ptr.ty	SEMANTIC	4790	a newtype's underlying type must be int, float, string, bool, an array, a map, or a struct (got ptr)
tests/reject/newtype_under_result.ty	SEMANTIC	4790	a newtype's underlying type must be int, float, string, bool, an array, a map, or a struct (got Result(int, string))
tests/reject/newtype_under_soa.ty	SEMANTIC	4790	a newtype's underlying type must be int, float, string, bool, an array, a map, or a struct (got soa [P])
tests/reject/newtype_under_tuple.ty	SEMANTIC	4790	a newtype's underlying type must be int, float, string, bool, an array, a map, or a struct (got (int, int))
tests/reject/newtype_under_u8.ty	SEMANTIC	4790	a newtype's underlying type must be int, float, string, bool, an array, a map, or a struct (got u8)
tests/reject/no_main.ty	NAME	0	no 'main' procedure
tests/reject/ok_empty_nonvoid.ty	TYPE	7569	declared type Result(int, string) but value is Ok(); Ok() is only a Result(void, E)
tests/reject/option_void.ty	TYPE	2516	'void' is a type only as a Result's ok payload, as in Result(void, string)
tests/reject/optres_is_wrong_family.ty	TYPE	7210	'Some' is not a variant of Result(int, string); write `Ok` or `Err`
tests/reject/orreturn_stmt_value.ty	TYPE	8784	`or_return` here produces int, which this statement discards -- bind it (x := ... or_return)
tests/reject/over_indent.ty	SYNTAX	3041	unexpected indentation: this line is indented further than the block it belongs to, and nothing above it opens a new block
tests/reject/param_shadow.ty	NAME	8813	'x' is already declared in this scope
tests/reject/params_17.ty	TYPE	9231	too many parameters (max 16)
tests/reject/pass_as_value.ty	NAME	6092	`pass` is a statement and produces no value -- a value if/match needs one in every branch, so write this as a plain statement
tests/reject/place_call_receiver.ty	TYPE	8715	can only index-assign an array or map variable or field
tests/reject/place_call_receiver_field.ty	TYPE	8762	cannot assign to a field of a temporary (only variables, fields, and composite-array elements are places)
tests/reject/print_arity_zero.ty	TYPE	7070	'print' takes 1 argument(s), got 0
tests/reject/println_arity_many.ty	TYPE	7070	'println' takes 1 argument(s), got 2
tests/reject/push_scalar.ty	TYPE	6923	push's first argument must be an array or soa
tests/reject/range_removed.ty	SYNTAX	4003	`range()` was removed: write `for i := 0; i < N; i += 1:` to count, or `parallel for i in 0..<N:` to count in parallel
tests/reject/rawstring_unterminated.ty	SYNTAX	788	unterminated raw string literal
tests/reject/result_bare_decl.ty	SEMANTIC	8316	cannot infer the Result type of Ok(...) — annotate it (x : Result(T, E) = Ok(...))
tests/reject/result_void_arm_binds.ty	TYPE	8193	Ok carries no value here -- write a bare `Ok:` arm
tests/reject/result_void_bind.ty	TYPE	8307	cannot bind a void value
tests/reject/result_void_err.ty	TYPE	2516	'void' is a type only as a Result's ok payload, as in Result(void, string)
tests/reject/result_void_ok_arg.ty	TYPE	7573	Result(void, string) carries no ok value -- write Ok(), not Ok(x)
tests/reject/scalar_coerce_map_key.ty	TYPE	6152	map key must be int, got float
tests/reject/scalar_coerce_place.ty	TYPE	8765	cannot assign float to a int field
tests/reject/scalar_coerce_reassign.ty	TYPE	8377	cannot assign float to 'x' of type int
tests/reject/scalar_coerce_struct_field.ty	TYPE	6651	field 'v' of S is int, got float
tests/reject/semi_no_grammar.ty	SYNTAX	2059	expected newline
tests/reject/send_wrong_type.ty	SEMANTIC	6726	send on Channel(int) needs a int value
tests/reject/sink_arg_newtype.ty	TYPE	7126	argument 1 of 'f' is int, expected Id
tests/reject/sink_arg_scalar.ty	TYPE	7126	argument 1 of 'f' is float, expected int
tests/reject/sink_builder_two_mentions.ty	SEMANTIC	10130	'f' is consumed by a `sink` parameter but is mentioned 2 times in this function: a sink argument must be the variable's ONLY mention. One textual mention is how the compiler proves the consume is the last use on every path, with no dataflow analysis -- so `len(f)`, `f[0]`, `f[0] = ...` and passing `f` anywhere else all disqualify it, even before this line. Copy it first (`y := f`) and consume `y`
tests/reject/sink_consume_in_loop.ty	SEMANTIC	10125	'w' is consumed by a `sink` parameter inside a loop, where the next iteration would consume it again; no named variable can be adopted in a loop, a copy made in the loop included. Lift the call out of the loop, or pass a fresh value (a literal, or a call's result)
tests/reject/sink_consume_mentions.ty	SEMANTIC	10130	'w' is consumed by a `sink` parameter but is mentioned 2 times in this function: a sink argument must be the variable's ONLY mention. One textual mention is how the compiler proves the consume is the last use on every path, with no dataflow analysis -- so `len(w)`, `w[0]`, `w[0] = ...` and passing `w` anywhere else all disqualify it, even before this line. Copy it first (`y := w`) and consume `y`
tests/reject/sink_consume_param.ty	SEMANTIC	10121	'ys' is a `sink` parameter and cannot be handed to another `sink` parameter: a parameter's buffer is never adopted, however it was declared. Copy it first (`y := ys`) and consume `y`
tests/reject/sink_use_after.ty	SEMANTIC	10130	'b' is consumed by a `sink` parameter but is mentioned 2 times in this function: a sink argument must be the variable's ONLY mention. One textual mention is how the compiler proves the consume is the last use on every path, with no dataflow analysis -- so `len(b)`, `b[0]`, `b[0] = ...` and passing `b` anywhere else all disqualify it, even before this line. Copy it first (`y := b`) and consume `y`
tests/reject/sized_conv_string.ty	TYPE	6803	to_u8(x) takes a numeric value
tests/reject/slice_inout_alias.ty	SEMANTIC	7177	cannot pass a slice of 'a' and an inout of 'a' in one call (the inout may reallocate the buffer the slice views)
tests/reject/str_as_type.ty	TYPE	2632	unknown type 'str'
tests/reject/str_index_assign.ty	TYPE	8746	cannot index-assign an element of string (it is immutable)
tests/reject/string_escape.ty	SYNTAX	0	unsupported escape \  (use \n \t \r \\ \")
tests/reject/struct_mutual_by_value.ty	TYPE	12683	infinite type: A contains itself by value — use an array ([A]) or Option([A]) for indirection
tests/reject/struct_named_ok.ty	NAME	4275	'Ok' is already defined
tests/reject/struct_typaram_max.ty	SYNTAX	4662	too many struct type parameters (max 16)
tests/reject/subscript_dangling.ty	SYNTAX	4464	a subscript must yield a place rooted in one of its parameters (else the projection would dangle)
tests/reject/subscript_generic_recv.ty	SEMANTIC	4440	a subscript receiver may not be generic ('Pool($T)'): declare the subscript on a concrete instance
tests/reject/subscript_not_place.ty	SYNTAX	4455	a subscript must yield a place: `yield &<place>` (e.g. `yield &g.nodes[i]`)
tests/reject/subscript_param_twice.ty	SYNTAX	4468	subscript parameter 'i' is used more than once in the yielded place (v1: at most once)
tests/reject/subscript_type_mismatch.ty	SEMANTIC	6363	subscript 'at' is declared `-> inout string` but yields a place of type int
tests/reject/sum_annot_arg_payload.ty	TYPE	7562	declared type Option(string) but value is Some(int)
tests/reject/sum_annot_array_payload_widen.ty	TYPE	7562	declared type Option([u32]) but value is Some([int])
tests/reject/sum_annot_err_payload_mismatch.ty	TYPE	7576	declared type Result(int, string) but value is Err(int)
tests/reject/sum_annot_int_payload_nonnumeric.ty	TYPE	7562	declared type Option(string) but value is Some(int)
tests/reject/sum_annot_place_payload.ty	TYPE	7562	declared type Option(string) but value is Some(int)
tests/reject/sum_annot_return_payload.ty	TYPE	7562	declared type Option(string) but value is Some(int)
tests/reject/sum_ctor_payload_mismatch.ty	TYPE	7562	declared type Option(int) but value is Some(string)
tests/reject/tab_mix.ty	SYNTAX	510	mixed tabs and spaces in indentation; use one consistently
tests/reject/tab_mix2.ty	SYNTAX	510	mixed tabs and spaces in indentation; use one consistently
tests/reject/task_copy.ty	SEMANTIC	8324	a task handle cannot be copied or re-bound -- bind the spawn directly (t := spawn f(...))
tests/reject/to_float_already_float.ty	TYPE	6787	to_float(n) takes an int, a sized int, f32, or a float newtype
tests/reject/to_int_already_int.ty	TYPE	6794	to_int(x): x is already an int -- indexing a string (s[i]) yields the byte value as an int; use chr(x) for its one-character string
tests/reject/to_int_string.ty	TYPE	6796	to_int(x) takes a float (truncates toward zero), a sized int, f32, a char, or an int newtype
tests/reject/tuple_arity_max.ty	SYNTAX	2411	a tuple has at most 8 elements
tests/reject/tuple_arity_min.ty	SYNTAX	2416	a tuple type needs at least two elements; parentheses do not group a type, so write it bare
tests/reject/tuple_elem_index_assign.ty	TYPE	8715	can only index-assign an array or map variable or field
tests/reject/tuple_index.ty	TYPE	6188	a tuple element is named `.0`, `.1`, ... not `[i]` -- the index must be a constant position, so it is not a subscript
tests/reject/tuple_index_range.ty	TYPE	6003	tuple index 10 out of range (the tuple has 2 elements)
tests/reject/two_stmts_one_line.ty	SYNTAX	2059	expected newline
tests/reject/type_forward_unknown.ty	TYPE	2631	unknown type 'Q'; did you mean 'S'?
tests/reject/type_mismatch.ty	TYPE	7113	argument 1 of 'print' is int, expected string -- wrap it with str(...), e.g. print(str(x))
tests/reject/typeset_badtp.ty	SYNTAX	4349	`where Q: ...`: 'Q' is not a type parameter of this function
tests/reject/typeset_notin.ty	SEMANTIC	8982	'pick' instantiated with T = float, which is not in the type set { int | string }
tests/reject/ufcs_builtin_bad_recv.ty	TYPE	6923	push's first argument must be an array or soa
tests/reject/underscore_not_discard.ty	NAME	8389	`_` is not a discard -- it is an ordinary variable, and this one was never declared. To drop a result, call it as a statement (`f(x)`); to keep it, name it (`x := f(x)`)
tests/reject/underscore_tuple_not_discard.ty	NAME	8369	`_` is not a discard -- it is an ordinary variable, and this one was never declared. Name every element, or declare `_` once with `:=` and reuse it
tests/reject/unknown_fn_stmt.ty	NAME	7067	unknown procedure 'nofunc'
tests/reject/unknown_type.ty	TYPE	2631	unknown type 'cool'; did you mean 'bool'?
tests/reject/unknown_var.ty	NAME	6094	unknown variable 'nosuchvar'
tests/reject/upper_bind_local_used.ty	SYNTAX	2942	'Ok' cannot name a binding -- a local, parameter or pattern binding must start with a lowercase letter or '_'; as a value it is a constructor: Ok(x)
tests/reject/upper_bind_param_used.ty	SYNTAX	2942	'Ok' cannot name a binding -- a local, parameter or pattern binding must start with a lowercase letter or '_'; as a value it is a constructor: Ok(x)
tests/reject/upper_local.ty	NAME	5537	'Total' cannot name a binding -- a local, parameter or pattern binding must start with a lowercase letter or '_'
tests/reject/upper_param.ty	NAME	5537	'Limit' cannot name a binding -- a local, parameter or pattern binding must start with a lowercase letter or '_'
tests/reject/value_arm_no_tail.ty	SYNTAX	3373	a value branch must end in a value expression
tests/reject/variadic_empty_generic.ty	SEMANTIC	7028	cannot infer the element type of an empty variadic call to generic 'count'; pass at least one argument, or name the type: count$(<type>)()
tests/reject/variadic_empty_untyped.ty	SEMANTIC	7028	cannot infer the element type of an empty variadic call to generic 'count'; pass at least one argument, or name the type: count$(<type>)()
tests/reject/variadic_not_last.ty	SYNTAX	4326	a variadic parameter must be the last parameter of 'f'
tests/reject/variadic_spread_mixed.ty	TYPE	7010	a spread argument `x...` must be the only variadic argument to 'sum'
tests/reject/variadic_spread_nonvariadic.ty	TYPE	5891	spread `...` is only valid as the argument to a variadic parameter
tests/reject/variant_named_ok.ty	NAME	4275	'Ok' is already defined
tests/reject/variant_payload_max.ty	SYNTAX	4759	too many payload fields (max 8)
tests/reject/void_as_type.ty	TYPE	2516	'void' is a type only as a Result's ok payload, as in Result(void, string)
tests/reject/void_bound_to_decl.ty	TYPE	8307	cannot bind a void value
tests/reject/void_grounds_pending_push.ty	SEMANTIC	5830	cannot infer the type of 'xs' from this use
tests/reject/void_not_a_type.ty	TYPE	2516	'void' is a type only as a Result's ok payload, as in Result(void, string)
tests/reject/void_push_value.ty	TYPE	6936	push's value must be int
tests/reject/where_bad_tp.ty	SYNTAX	4367	`where` refers to 'Q', which is not a type parameter of this function
tests/reject/where_constraint_max.ty	SYNTAX	4344	at most 8 `where` constraints per function
tests/reject/where_defaultable_bad.ty	SEMANTIC	8986	'total' instantiated with T = P, which does not satisfy `defaultable(T)`
tests/reject/where_hashable_bad.ty	SEMANTIC	8986	'distinct' instantiated with T = float, which does not satisfy `hashable(T)`
tests/reject/where_nongeneric.ty	SYNTAX	4341	`where` constraints require a generic function (one with a `$T` parameter)
tests/reject/where_numeric.ty	SEMANTIC	8986	'sm' instantiated with T = string, which does not satisfy `numeric(T)`
tests/reject/where_typeset_max.ty	SYNTAX	4356	at most 16 types in a `where` type set
tests/reject/where_unknown_pred.ty	SYNTAX	4362	unknown `where` predicate 'fancy' (known: numeric, comparable, has_str, hashable, defaultable -- or use a type set, `T: int | float`)
tests/reject/zero_bad_type.ty	SEMANTIC	6307	zero$([int]): only int, float, bool, and string are defaultable
